{
    "config": {
        "filepath": "vCache/SemBenchmarkLmArena (sample subset)",
        "embedding_model": [
            "emb_e5_large_v2",
            "E5_Large_v2",
            "float16",
            512
        ],
        "llm_model": [
            "response_gpt-4o-mini",
            "GPT-4o-mini",
            "float16",
            null
        ],
        "eviction_policy": "CostAwareEvictionPolicy(max_size=100000, watermark=0.95, eviction_percentage=0.1, cost_weight=0.5)",
        "is_static_threshold": false,
        "threshold": null,
        "delta": 0.02
    },
    "cache_hit_list": [
        0,
        1,
        0,
        1,
        0,
        0,
        1,
        0,
        0,
        0
    ],
    "cache_miss_list": [
        1,
        0,
        1,
        0,
        1,
        1,
        0,
        1,
        1,
        1
    ],
    "tp_list": [
        0,
        1,
        0,
        1,
        0,
        0,
        1,
        0,
        0,
        0
    ],
    "fp_list": [
        0,
        0,
        0,
        0,
        0,
        0,
        0,
        0,
        0,
        0
    ],
    "tn_list": [
        1,
        0,
        1,
        0,
        1,
        1,
        0,
        1,
        1,
        1
    ],
    "fn_list": [
        0,
        0,
        0,
        0,
        0,
        0,
        0,
        0,
        0,
        0
    ],
    "latency_direct_list": [
        1.1837,
        0.965,
        1.2419,
        1.3353,
        1.0532,
        0.9312,
        0.8159,
        1.1899,
        0.9323,
        1.2857
    ],
    "latency_vectorq_list": [
        1.2047,
        0.0189,
        1.289,
        0.0135,
        1.0744,
        0.9714,
        0.018,
        1.2317,
        0.9759,
        1.306
    ],
    "cpu_percent_list": [
        66.5,
        53.9,
        66.5,
        66.5,
        99.7,
        99.7,
        100.8,
        49.6,
        67.9,
        66.5
    ],
    "memory_mb_list": [
        64.9921875,
        101.37109375,
        101.37109375,
        101.375,
        101.375,
        101.375,
        101.3828125,
        101.3828125,
        101.3828125,
        101.3828125
    ],
    "peak_memory_mb": 101.3828125,
    "gpu_util_list": [
        null,
        null,
        null,
        null,
        null,
        null,
        null,
        null,
        null,
        null
    ],
    "elapsed_time_sec": 1.062204122543335,
    "throughput_qps": 9.414386357356683,
    "throughput_tps": 170.40039306815598,
    "observations_dict": {},
    "gammas_dict": {},
    "t_hats_dict": {},
    "t_primes_dict": {},
    "var_ts_dict": {},
    "global_observations_dict": {},
    "global_gamma": null,
    "global_t_hat": null,
    "global_t_prime": null,
    "global_var_t": null
}